segundamano-a62679448,8990,Tue Sep 29 2015 18:02:48 GMT+0000 (UTC),Bmw F 800 Gt,http://www.segundamano.es/madrid/bmw-f-800-gt/a62679448/?ca=0_s&st=a&c=6
segundamano-a73366248,10200,Tue Sep 29 2015 11:45:48 GMT+0000 (UTC),Bmw F 800 Gt,http://www.segundamano.es/navarra/bmw-f-800-gt/a73366248/?ca=0_s&st=a&c=6
segundamano-a74190424,9500,Tue Sep 29 2015 01:17:48 GMT+0000 (UTC),Bmw F 800 Gt,http://www.segundamano.es/madrid/bmw-f-800-gt/a74190424/?ca=0_s&st=a&c=6
segundamano-a74837974,7999,Mon Sep 28 2015 18:44:48 GMT+0000 (UTC),Bmw F 800 Gt,http://www.segundamano.es/madrid/bmw-f-800-gt/a74837974/?ca=0_s&st=a&c=6
segundamano-a74074149,8000,Mon Sep 28 2015 17:15:48 GMT+0000 (UTC),Bmw F 800 Gt,http://www.segundamano.es/valencia/bmw-f-800-gt/a74074149/?ca=0_s&st=a&c=6
segundamano-a67900632,9000,Mon Sep 28 2015 09:41:48 GMT+0000 (UTC),Bmw F 800 Gt,http://www.segundamano.es/madrid/bmw-f-800-gt/a67900632/?ca=0_s&st=a&c=6
segundamano-a71486287,11000,Fri Sep 25 2015 19:35:48 GMT+0000 (UTC),Bmw F 800 Gt,http://www.segundamano.es/barcelona/bmw-f-800-gt/a71486287/?ca=0_s&st=a&c=6
segundamano-a74718165,6000,Fri Sep 25 2015 17:47:48 GMT+0000 (UTC),BMW F 800 GT 2013 50.000 km,http://www.segundamano.es/madrid/bmw-f-800-gt-2013-50000-km/a74718165/?ca=0_s&st=a&c=6
segundamano-a73407617,10000,Fri Sep 25 2015 09:32:48 GMT+0000 (UTC),Bmw F 800 Gt,http://www.segundamano.es/tarragona/bmw-f-800-gt/a73407617/?ca=0_s&st=a&c=6
segundamano-a73392309,6950,Thu Sep 24 2015 19:08:48 GMT+0000 (UTC),Bmw F 800 Gt,http://www.segundamano.es/madrid/bmw-f-800-gt/a73392309/?ca=0_s&st=a&c=6
segundamano-a73388773,7250,Thu Sep 24 2015 17:59:48 GMT+0000 (UTC),Bmw F 800 Gt,http://www.segundamano.es/madrid/bmw-f-800-gt/a73388773/?ca=0_s&st=a&c=6
segundamano-a71195865,8990,Thu Sep 24 2015 12:15:48 GMT+0000 (UTC),Bmw F 800 Gt,http://www.segundamano.es/vizcaya/bmw-f-800-gt/a71195865/?ca=0_s&st=a&c=6
segundamano-a66530225,11000,Tue Sep 22 2015 01:54:48 GMT+0000 (UTC),Bmw F 800 Gt,http://www.segundamano.es/barcelona/bmw-f-800-gt/a66530225/?ca=0_s&st=a&c=6
segundamano-a66529921,11000,Tue Sep 22 2015 01:51:48 GMT+0000 (UTC),Bmw F 800 Gt,http://www.segundamano.es/barcelona/bmw-f-800-gt/a66529921/?ca=0_s&st=a&c=6
segundamano-a71679531,10100,Mon Sep 21 2015 05:13:48 GMT+0000 (UTC),Bmw F 800 Gt,http://www.segundamano.es/madrid/bmw-f-800-gt/a71679531/?ca=0_s&st=a&c=6
segundamano-a73219345,11995,Sun Sep 20 2015 11:53:48 GMT+0000 (UTC),Bmw F 800 Gt,http://www.segundamano.es/guipuzcoa/bmw-f-800-gt/a73219345/?ca=0_s&st=a&c=6
segundamano-a70509945,10900,Sun Sep 20 2015 05:14:48 GMT+0000 (UTC),Bmw F 800 Gt,http://www.segundamano.es/alava/bmw-f-800-gt/a70509945/?ca=0_s&st=a&c=6
segundamano-a72602704,8600,Thu Sep 17 2015 02:43:48 GMT+0000 (UTC),Bmw F 800 Gt,http://www.segundamano.es/madrid/bmw-f-800-gt/a72602704/?ca=0_s&st=a&c=6
segundamano-a58662257,9900,Fri Sep 04 2015 12:15:48 GMT+0000 (UTC),Bmw F 800 Gt,http://www.segundamano.es/granada/bmw-f-800-gt/a58662257/?ca=0_s&st=a&c=6
segundamano-a73133117,10200,Wed Aug 19 2015 21:16:48 GMT+0000 (UTC),Bmw f 800 gt,http://www.segundamano.es/sevilla/bmw-f-800-gt/a73133117/?ca=0_s&st=a&c=6
segundamano-a69735208,8000,Mon Aug 17 2015 11:35:48 GMT+0000 (UTC),Bmw f 800 gt,http://www.segundamano.es/pontevedra/bmw-f-800-gt/a69735208/?ca=0_s&st=a&c=6
segundamano-a72712904,10000,Fri Aug 07 2015 13:09:48 GMT+0000 (UTC),Bmw f 800 gt,http://www.segundamano.es/sevilla/bmw-f-800-gt/a72712904/?ca=0_s&st=a&c=6
segundamano-a71831747,10000,Sat Aug 01 2015 10:21:48 GMT+0000 (UTC),Bmw f 800 gt,http://www.segundamano.es/madrid/bmw-f-800-gt/a71831747/?ca=0_s&st=a&c=6
segundamano-a71512384,7000,Sat Aug 01 2015 09:54:48 GMT+0000 (UTC),Bmw f 800 gt,http://www.segundamano.es/valencia/bmw-f-800-gt/a71512384/?ca=0_s&st=a&c=6
motos.net-5995696,11000,Wed Sep 30 2015 19:50:49 GMT+0000 (UTC),BMW F 800 GT,http://motos.coches.net/ocasion/bmw/f_800_gt/2015-en-barcelona-5995696.htm
motos.net-6037134,8000,Wed Sep 30 2015 19:50:49 GMT+0000 (UTC),BMW F 800 GT,http://motos.coches.net/ocasion/bmw/f_800_gt/2014-en-valencia-6037134.htm
motos.net-6038769,9500,Wed Sep 30 2015 19:50:49 GMT+0000 (UTC),BMW F 800 GT,http://motos.coches.net/ocasion/bmw/f_800_gt/2014-en-madrid-6038769.htm
motos.net-5843456,8990,Tue Sep 29 2015 18:02:49 GMT+0000 (UTC),BMW F 800 GT,http://motos.coches.net/ocasion/bmw/f_800_gt/2014-en-madrid-5843456.htm
motos.net-6014797,8600,Tue Sep 29 2015 16:28:49 GMT+0000 (UTC),BMW F 800 GT,http://motos.coches.net/ocasion/bmw/f_800_gt/2014-en-madrid-6014797.htm
motos.net-5963598,7250,Tue Sep 29 2015 10:42:49 GMT+0000 (UTC),BMW F 800 GT,http://motos.coches.net/ocasion/bmw/f_800_gt/2013-en-pontevedra-5963598.htm
motos.net-6048464,7999,Mon Sep 28 2015 18:43:49 GMT+0000 (UTC),BMW F 800 GT,http://motos.coches.net/ocasion/bmw/f_800_gt/2013-en-madrid-6048464.htm
motos.net-6037134,8000,Mon Sep 28 2015 17:10:49 GMT+0000 (UTC),BMW F 800 GT,http://motos.coches.net/ocasion/bmw/f_800_gt/2014-en-valencia-6037134.htm
motos.net-6026666,10200,Sat Sep 26 2015 13:30:49 GMT+0000 (UTC),BMW F 800 GT,http://motos.coches.net/ocasion/bmw/f_800_gt/2015-en-navarra-6026666.htm
motos.net-5990825,8990,Sat Sep 26 2015 12:15:49 GMT+0000 (UTC),BMW F 800 GT,http://motos.coches.net/ocasion/bmw/f_800_gt/2013-en-vizcaya-5990825.htm
motos.net-5905812,11000,Sat Sep 26 2015 10:40:49 GMT+0000 (UTC),BMW F 800 GT,http://motos.coches.net/ocasion/bmw/f_800_gt/2014-en-barcelona-5905812.htm
motos.net-5905815,11000,Sat Sep 26 2015 10:36:49 GMT+0000 (UTC),BMW F 800 GT,http://motos.coches.net/ocasion/bmw/f_800_gt/2014-en-barcelona-5905815.htm
motos.net-5995696,11000,Fri Sep 25 2015 19:30:49 GMT+0000 (UTC),BMW F 800 GT,http://motos.coches.net/ocasion/bmw/f_800_gt/2015-en-barcelona-5995696.htm
motos.net-6042621,8800,Sat Sep 19 2015 18:48:49 GMT+0000 (UTC),BMW F 800 GT,http://motos.coches.net/ocasion/bmw/f_800_gt/2014-en-murcia-6042621.htm
motos.net-6038769,9500,Mon Sep 14 2015 13:17:49 GMT+0000 (UTC),BMW F 800 GT,http://motos.coches.net/ocasion/bmw/f_800_gt/2014-en-madrid-6038769.htm
motos.net-5977990,10900,Mon Sep 07 2015 17:14:49 GMT+0000 (UTC),BMW F 800 GT,http://motos.coches.net/ocasion/bmw/f_800_gt/2015-en-alava-5977990.htm
motos.net-5998951,10100,Sun Sep 06 2015 17:13:49 GMT+0000 (UTC),BMW F 800 GT,http://motos.coches.net/ocasion/bmw/f_800_gt/2014-en-madrid-5998951.htm
motos.net-6027227,10000,Thu Aug 27 2015 09:32:49 GMT+0000 (UTC),BMW F 800 GT,http://motos.coches.net/ocasion/bmw/f_800_gt/2015-en-tarragona-6027227.htm
motos.net-6026987,6950,Wed Aug 26 2015 19:08:49 GMT+0000 (UTC),BMW F 800 GT,http://motos.coches.net/ocasion/bmw/f_800_gt/2013-en-madrid-6026987.htm
motos.net-6026930,7250,Wed Aug 26 2015 17:59:49 GMT+0000 (UTC),BMW F 800 GT,http://motos.coches.net/ocasion/bmw/f_800_gt/2013-en-madrid-6026930.htm
motos.net-6026644,10000,Wed Aug 26 2015 10:54:49 GMT+0000 (UTC),BMW F 800 GT,http://motos.coches.net/ocasion/bmw/f_800_gt/2015-en-navarra-6026644.htm
motos.net-5918314,8000,Mon Aug 24 2015 11:56:49 GMT+0000 (UTC),BMW F 800 GT,http://motos.coches.net/ocasion/bmw/f_800_gt/2013-en-ciudad_real-5918314.htm
motos.net-6024314,11995,Sat Aug 22 2015 11:53:49 GMT+0000 (UTC),BMW F 800 GT,http://motos.coches.net/ocasion/bmw/f_800_gt/2015-en-guipuzcoa-6024314.htm
motos.net-5996416,7000,Tue Jul 07 2015 11:34:49 GMT+0000 (UTC),BMW F 800 GT,http://motos.coches.net/ocasion/bmw/f_800_gt/2013-en-valencia-5996416.htm
motos.net-5930758,9000,Sun Jul 05 2015 09:41:49 GMT+0000 (UTC),BMW F 800 GT,http://motos.coches.net/ocasion/bmw/f_800_gt/2014-en-madrid-5930758.htm
motos.net-5991535,9900,Tue Jun 30 2015 10:55:49 GMT+0000 (UTC),BMW F 800 GT,http://motos.coches.net/ocasion/bmw/f_800_gt/2014-en-madrid-5991535.htm
motos.net-5965831,9450,Tue Jun 16 2015 07:50:49 GMT+0000 (UTC),BMW F 800 GT,http://motos.coches.net/ocasion/bmw/f_800_gt/2014-en-barcelona-5965831.htm
motos.net-5977278,7999,Tue Jun 09 2015 21:49:49 GMT+0000 (UTC),BMW F 800 GT,http://motos.coches.net/ocasion/bmw/f_800_gt/2013-en-pontevedra-5977278.htm
motos.net-5935618,9100,Mon Apr 13 2015 17:44:49 GMT+0000 (UTC),BMW F 800 GT,http://motos.coches.net/ocasion/bmw/f_800_gt/2014-en-almeria-5935618.htm
motos.net-5894661,11500,Tue Feb 17 2015 11:34:49 GMT+0000 (UTC),BMW F 800 GT,http://motos.coches.net/ocasion/bmw/f_800_gt/2014-en-madrid-5894661.htm
motos.net-5846877,7800,Sat Dec 05 2015 13:31:49 GMT+0000 (UTC),BMW F 800 GT,http://motos.coches.net/ocasion/bmw/f_800_gt/2013-en-madrid-5846877.htm
motos.net-6013508,10000,Sun Aug 02 2015 13:14:49 GMT+0000 (UTC),BMW F 800 GT,http://motos.coches.net/ocasion/bmw/f_800_gt/2015-en-madrid-6013508.htm
